Super-Scaffold_1,20821,2,71.7
Super-Scaffold_1,364554,2,71.6
Super-Scaffold_1,493601,2,70.5
Super-Scaffold_1,508605,2,73.3
Super-Scaffold_11,4131447,3,88.7
Super-Scaffold_1108,1075871,4,18.9
Super-Scaffold_1108,1210492,4,18.9
Super-Scaffold_1108,1296527,4,18.5
Super-Scaffold_1108,1390019,4,17.3
Super-Scaffold_1108,142522,4,30.3
Super-Scaffold_1108,1449304,4,16.2
Super-Scaffold_1108,1557419,4,15.4
Super-Scaffold_1108,1735347,4,14.7
Super-Scaffold_1108,1870108,4,14.1
Super-Scaffold_1108,1947717,4,14.3
Super-Scaffold_1108,2062290,4,13.4
Super-Scaffold_1108,2181247,4,12.9
Super-Scaffold_1108,2326954,4,11.0
Super-Scaffold_1108,2379718,4,10.0
Super-Scaffold_1108,2505883,4,12.0
Super-Scaffold_1108,278580,4,25.5
Super-Scaffold_1108,330283,4,24.3
Super-Scaffold_1108,554139,4,23.1
Super-Scaffold_1108,767625,4,20.1
Super-Scaffold_1108,7776,4,28.9
Super-Scaffold_1108,841342,4,20.8
Super-Scaffold_1108,967652,4,19.4
Super-Scaffold_12,1129369,9,7.3
Super-Scaffold_12,1235146,9,0.0
Super-Scaffold_12,1452113,9,10.3
Super-Scaffold_12,2587786,9,20.2
Super-Scaffold_12,2611898,9,19.7
Super-Scaffold_13,1110560,8,79.7
Super-Scaffold_13,146391,8,74.0
Super-Scaffold_13,1539341,8,81.5
Super-Scaffold_13,1715929,8,82.9
Super-Scaffold_13,1803010,8,82.0
Super-Scaffold_13,1946535,8,86.9
Super-Scaffold_13,1989160,8,85.5
Super-Scaffold_13,212864,8,74.6
Super-Scaffold_13,2135938,8,87.6
Super-Scaffold_13,2245295,8,86.3
Super-Scaffold_13,2372691,8,88.3
Super-Scaffold_13,2453816,8,89.9
Super-Scaffold_13,2517027,8,90.1
Super-Scaffold_13,397933,8,76.5
Super-Scaffold_13,414921,8,75.5
Super-Scaffold_13,581373,8,76.2
Super-Scaffold_13,668365,8,76.7
Super-Scaffold_13,766349,8,77.4
Super-Scaffold_13,80397,8,72.5
Super-Scaffold_13,852537,8,78.1
Super-Scaffold_1366,1107115,9,103.6
Super-Scaffold_1366,1206475,9,105.8
Super-Scaffold_1366,1443698,9,109.3
Super-Scaffold_1366,147863,9,89.8
Super-Scaffold_1366,1522486,9,111.6
Super-Scaffold_1366,1676584,9,117.3
Super-Scaffold_1366,1766754,9,119.2
Super-Scaffold_1366,1804471,9,120.7
Super-Scaffold_1366,259268,9,88.9
Super-Scaffold_1366,440679,9,93.0
Super-Scaffold_1366,472083,9,90.6
Super-Scaffold_1366,776612,9,97.9
Super-Scaffold_1366,911189,9,100.4
Super-Scaffold_1366,994518,9,103.2
Super-Scaffold_15,22992449,8,71.9
Super-Scaffold_15,23018801,8,70.0
Super-Scaffold_15,23197424,8,70.8
Super-Scaffold_15,23262214,8,73.0
Super-Scaffold_1638,1217623,9,129.3
Super-Scaffold_1638,1357243,9,127.9
Super-Scaffold_1638,1470592,9,125.2
Super-Scaffold_1638,193676,9,145.9
Super-Scaffold_1638,314956,9,142.0
Super-Scaffold_1638,392032,9,142.7
Super-Scaffold_1638,476789,9,140.1
Super-Scaffold_1638,600484,9,136.8
Super-Scaffold_1638,65521,9,144.7
Super-Scaffold_1638,659223,9,135.4
Super-Scaffold_1638,752958,9,134.5
Super-Scaffold_1638,829648,9,133.2
Super-Scaffold_17,10010552,6,32.9
Super-Scaffold_17,1019553,6,88.4
Super-Scaffold_17,104335,6,95.3
Super-Scaffold_17,10494638,6,31.2
Super-Scaffold_17,10505528,6,32.1
Super-Scaffold_17,10811741,6,26.3
Super-Scaffold_17,11071577,6,26.2
Super-Scaffold_17,11281396,6,25.4
Super-Scaffold_17,1128687,6,89.6
Super-Scaffold_17,11616811,6,25.9
Super-Scaffold_17,11715345,6,23.9
Super-Scaffold_17,11778135,6,23.5
Super-Scaffold_17,12067258,6,22.2
Super-Scaffold_17,12231760,6,21.9
Super-Scaffold_17,1230886,6,86.6
Super-Scaffold_17,12369069,6,18.3
Super-Scaffold_17,12539800,6,20.0
Super-Scaffold_17,12657853,6,19.5
Super-Scaffold_17,12896050,6,21.2
Super-Scaffold_17,1293124,6,86.8
Super-Scaffold_17,13211729,6,18.5
Super-Scaffold_17,13233740,6,17.7
Super-Scaffold_17,13347822,6,16.9
Super-Scaffold_17,13782832,6,15.3
Super-Scaffold_17,1382405,6,85.5
Super-Scaffold_17,14120197,6,13.6
Super-Scaffold_17,14229802,6,12.4
Super-Scaffold_17,14432914,6,12.7
Super-Scaffold_17,14694590,6,13.6
Super-Scaffold_17,14816335,6,14.3
Super-Scaffold_17,14960656,6,13.1
Super-Scaffold_17,1516867,6,86.1
Super-Scaffold_17,15283165,6,13.3
Super-Scaffold_17,15469007,6,11.8
Super-Scaffold_17,16283542,6,7.9
Super-Scaffold_17,164732,6,93.2
Super-Scaffold_17,1668344,6,85.2
Super-Scaffold_17,16962137,6,8.8
Super-Scaffold_17,1769495,6,83.7
Super-Scaffold_17,1879656,6,83.1
Super-Scaffold_17,1963875,6,82.6
Super-Scaffold_17,2075194,6,81.3
Super-Scaffold_17,2144706,6,80.8
Super-Scaffold_17,2230699,6,79.6
Super-Scaffold_17,2369782,6,80.0
Super-Scaffold_17,2404696,6,80.4
Super-Scaffold_17,2541923,6,77.5
Super-Scaffold_17,2646805,6,77.9
Super-Scaffold_17,2791739,6,78.1
Super-Scaffold_17,2804362,6,78.9
Super-Scaffold_17,2932205,6,76.5
Super-Scaffold_17,299244,6,94.9
Super-Scaffold_17,3046601,6,74.9
Super-Scaffold_17,3161360,6,75.3
Super-Scaffold_17,3196304,6,75.7
Super-Scaffold_17,3351682,6,73.1
Super-Scaffold_17,3446573,6,72.5
Super-Scaffold_17,3524364,6,73.7
Super-Scaffold_17,366611,6,93.5
Super-Scaffold_17,3815961,6,73.9
Super-Scaffold_17,3854023,6,71.4
Super-Scaffold_17,4343047,6,69.1
Super-Scaffold_17,4367018,6,69.7
Super-Scaffold_17,4623835,6,67.1
Super-Scaffold_17,4700607,6,66.3
Super-Scaffold_17,4780226,6,66.8
Super-Scaffold_17,4882319,6,65.8
Super-Scaffold_17,4978820,6,63.7
Super-Scaffold_17,513874,6,94.4
Super-Scaffold_17,5157929,6,64.0
Super-Scaffold_17,5273279,6,63.0
Super-Scaffold_17,5314464,6,61.9
Super-Scaffold_17,5466469,6,61.4
Super-Scaffold_17,5546427,6,61.1
Super-Scaffold_17,557903,6,91.8
Super-Scaffold_17,5680467,6,59.9
Super-Scaffold_17,5733627,6,58.4
Super-Scaffold_17,5847893,6,59.4
Super-Scaffold_17,5969180,6,60.7
Super-Scaffold_17,6042263,6,60.4
Super-Scaffold_17,6181028,6,58.9
Super-Scaffold_17,638335,6,91.8
Super-Scaffold_17,6539156,6,54.9
Super-Scaffold_17,6814449,6,51.8
Super-Scaffold_17,7122503,6,50.8
Super-Scaffold_17,7251647,6,49.8
Super-Scaffold_17,7433396,6,49.6
Super-Scaffold_17,7495450,6,49.1
Super-Scaffold_17,7605821,6,48.5
Super-Scaffold_17,7700318,6,47.3
Super-Scaffold_17,7894565,6,48.1
Super-Scaffold_17,7916868,6,46.6
Super-Scaffold_17,8058988,6,44.5
Super-Scaffold_17,8145731,6,43.8
Super-Scaffold_17,817406,6,91.1
Super-Scaffold_17,8226429,6,42.6
Super-Scaffold_17,8343834,6,42.1
Super-Scaffold_17,8516816,6,38.2
Super-Scaffold_17,8541468,6,40.8
Super-Scaffold_17,8622554,6,39.0
Super-Scaffold_17,8760655,6,39.3
Super-Scaffold_17,8909861,6,38.0
Super-Scaffold_17,9021332,6,40.1
Super-Scaffold_17,9181204,6,35.9
Super-Scaffold_17,9314547,6,36.3
Super-Scaffold_17,939948,6,88.9
Super-Scaffold_17,9409897,6,34.7
Super-Scaffold_17,9673892,6,33.3
Super-Scaffold_18,1019361,9,54.2
Super-Scaffold_18,1206980,9,55.9
Super-Scaffold_18,1270150,9,55.4
Super-Scaffold_18,1374379,9,58.2
Super-Scaffold_18,213996,9,47.9
Super-Scaffold_18,2253494,9,60.1
Super-Scaffold_18,2338845,9,63.0
Super-Scaffold_18,2368158,9,63.4
Super-Scaffold_18,2429515,9,60.8
Super-Scaffold_18,2763514,9,61.2
Super-Scaffold_18,2866422,9,61.5
Super-Scaffold_18,2884310,9,63.8
Super-Scaffold_18,3016410,9,62.2
Super-Scaffold_18,401076,9,49.0
Super-Scaffold_18,590008,9,51.1
Super-Scaffold_18,710000,9,54.0
Super-Scaffold_18,7293466,9,68.9
Super-Scaffold_18,7659855,9,69.0
Super-Scaffold_18,796950,9,53.4
Super-Scaffold_2,11722279,4,43.8
Super-Scaffold_2,11869594,4,47.3
Super-Scaffold_2,46235,4,53.7
Super-Scaffold_20,179785,4,2.8
Super-Scaffold_20,184824,4,2.1
Super-Scaffold_20,84126,4,6.3
Super-Scaffold_21,10545215,9,76.3
Super-Scaffold_21,10906924,9,78.5
Super-Scaffold_21,11164793,9,81.4
Super-Scaffold_22,1414030,7,105.9
Super-Scaffold_22,1875985,7,107.2
Super-Scaffold_22,2392900,7,112.2
Super-Scaffold_22,2697700,7,113.7
Super-Scaffold_22,2935626,7,114.8
Super-Scaffold_25,1113352,6,9.0
Super-Scaffold_25,1650634,6,7.2
Super-Scaffold_25,1884150,6,8.5
Super-Scaffold_25,1991565,6,9.2
Super-Scaffold_25,2184620,6,8.1
Super-Scaffold_25,2465999,6,10.2
Super-Scaffold_25,2476327,6,10.4
Super-Scaffold_25,2620825,6,11.1
Super-Scaffold_25,2975752,6,6.4
Super-Scaffold_25,3560740,6,5.4
Super-Scaffold_25,3676796,6,5.1
Super-Scaffold_25,3713974,6,5.8
Super-Scaffold_25,3936126,6,4.1
Super-Scaffold_25,3993590,6,0.0
Super-Scaffold_25,4233533,6,4.7
Super-Scaffold_25,4347098,6,2.9
Super-Scaffold_25,4486812,6,3.6
Super-Scaffold_25,4733159,6,1.7
Super-Scaffold_25,4871785,6,2.5
Super-Scaffold_25,5072220,6,2.3
Super-Scaffold_25,569383,6,9.5
Super-Scaffold_25,682830,6,9.0
Super-Scaffold_27,1056042,5,32.7
Super-Scaffold_27,1208578,5,39.5
Super-Scaffold_27,159810,5,32.4
Super-Scaffold_27,1788674,5,34.5
Super-Scaffold_27,1988719,5,34.2
Super-Scaffold_27,2115292,5,34.0
Super-Scaffold_27,293371,5,30.1
Super-Scaffold_27,3571797,5,37.7
Super-Scaffold_27,4093099,5,38.3
Super-Scaffold_27,4210057,5,37.2
Super-Scaffold_27,4366076,5,37.9
Super-Scaffold_27,4452205,5,38.8
Super-Scaffold_27,4701340,5,38.7
Super-Scaffold_27,4828168,5,39.1
Super-Scaffold_27,738423,5,33.0
Super-Scaffold_27,822312,5,33.3
Super-Scaffold_274,1033549,4,55.2
Super-Scaffold_274,1145551,4,57.9
Super-Scaffold_274,1232364,4,56.9
Super-Scaffold_274,1336683,4,59.7
Super-Scaffold_274,1615365,4,58.9
Super-Scaffold_274,403238,4,53.7
Super-Scaffold_274,438457,4,52.5
Super-Scaffold_274,879195,4,56.3
Super-Scaffold_276,1051002,2,119.5
Super-Scaffold_276,1125667,2,118.6
Super-Scaffold_276,1254077,2,117.4
Super-Scaffold_276,1354835,2,118.4
Super-Scaffold_276,1464548,2,116.0
Super-Scaffold_276,1586880,2,116.5
Super-Scaffold_276,1672259,2,115.4
Super-Scaffold_276,1735313,2,114.6
Super-Scaffold_276,179286,2,125.9
Super-Scaffold_276,1865579,2,113.5
Super-Scaffold_276,1976970,2,114.1
Super-Scaffold_276,2094511,2,112.8
Super-Scaffold_276,223254,2,125.4
Super-Scaffold_276,2286513,2,111.8
Super-Scaffold_276,2355129,2,111.7
Super-Scaffold_276,2424010,2,112.4
Super-Scaffold_276,2595775,2,111.2
Super-Scaffold_276,2658359,2,110.7
Super-Scaffold_276,2760770,2,108.3
Super-Scaffold_276,2901567,2,105.9
Super-Scaffold_276,3061029,2,107.2
Super-Scaffold_276,3164146,2,106.6
Super-Scaffold_276,3233047,2,104.9
Super-Scaffold_276,3296676,2,106.4
Super-Scaffold_276,3388101,2,106.3
Super-Scaffold_276,3531187,2,106.6
Super-Scaffold_276,3583863,2,106.9
Super-Scaffold_276,3719416,2,109.2
Super-Scaffold_276,3756082,2,104.1
Super-Scaffold_276,381671,2,125.1
Super-Scaffold_276,3927409,2,105.3
Super-Scaffold_276,3970790,2,107.4
Super-Scaffold_276,4047513,2,107.8
Super-Scaffold_276,4154565,2,102.4
Super-Scaffold_276,424992,2,124.8
Super-Scaffold_276,4264301,2,102.1
Super-Scaffold_276,4392252,2,100.7
Super-Scaffold_276,4478820,2,98.1
Super-Scaffold_276,4562871,2,96.1
Super-Scaffold_276,4729164,2,97.2
Super-Scaffold_276,4757189,2,96.6
Super-Scaffold_276,4872376,2,95.0
Super-Scaffold_276,4988694,2,94.0
Super-Scaffold_276,5132298,2,91.9
Super-Scaffold_276,5189326,2,91.1
Super-Scaffold_276,5271247,2,90.3
Super-Scaffold_276,5397109,2,86.5
Super-Scaffold_276,5515458,2,85.9
Super-Scaffold_276,5536753,2,87.9
Super-Scaffold_276,569635,2,122.9
Super-Scaffold_276,5760443,2,88.7
Super-Scaffold_276,5811119,2,87.4
Super-Scaffold_276,680231,2,123.5
Super-Scaffold_276,780849,2,122.4
Super-Scaffold_276,839492,2,121.0
Super-Scaffold_276,935254,2,119.2
Super-Scaffold_28,1082229,3,193.9
Super-Scaffold_28,1102412,3,194.9
Super-Scaffold_28,1219807,3,190.0
Super-Scaffold_28,1233684,3,187.9
Super-Scaffold_28,1377251,3,186.6
Super-Scaffold_28,1525785,3,185.6
Super-Scaffold_28,1619650,3,186.2
Super-Scaffold_28,1718673,3,185.8
Super-Scaffold_28,1901097,3,184.2
Super-Scaffold_28,1931121,3,182.9
Super-Scaffold_28,1998582,3,181.8
Super-Scaffold_28,2078331,3,180.7
Super-Scaffold_28,250470,3,201.4
Super-Scaffold_28,334374,3,200.9
Super-Scaffold_28,457344,3,199.9
Super-Scaffold_28,47783,3,201.6
Super-Scaffold_28,540723,3,198.9
Super-Scaffold_28,605833,3,197.9
Super-Scaffold_28,726903,3,198.7
Super-Scaffold_28,771124,3,196.9
Super-Scaffold_281,138582,3,211.1
Super-Scaffold_281,264486,3,209.7
Super-Scaffold_281,326644,3,208.9
Super-Scaffold_281,366682,3,209.2
Super-Scaffold_281,47793,3,213.3
Super-Scaffold_284,1052678,9,33.4
Super-Scaffold_284,1132827,9,34.7
Super-Scaffold_284,1230323,9,36.5
Super-Scaffold_284,1343092,9,38.4
Super-Scaffold_284,1411107,9,43.1
Super-Scaffold_284,170594,9,18.7
Super-Scaffold_284,1750396,9,44.5
Super-Scaffold_284,1858095,9,46.5
Super-Scaffold_284,215556,9,22.5
Super-Scaffold_284,301743,9,24.4
Super-Scaffold_284,36084,9,20.9
Super-Scaffold_284,395054,9,25.6
Super-Scaffold_284,529664,9,27.4
Super-Scaffold_284,606437,9,26.7
Super-Scaffold_284,739740,9,29.3
Super-Scaffold_284,815494,9,30.0
Super-Scaffold_284,938273,9,31.7
Super-Scaffold_285,110424,8,118.0
Super-Scaffold_285,1614683,8,98.0
Super-Scaffold_285,1696833,8,97.2
Super-Scaffold_285,1727086,8,95.8
Super-Scaffold_285,1814176,8,94.2
Super-Scaffold_285,1948843,8,91.7
Super-Scaffold_285,204166,8,116.3
Super-Scaffold_285,234368,8,116.4
Super-Scaffold_288,1117192,5,47.1
Super-Scaffold_288,2390146,5,49.1
Super-Scaffold_288,2445801,5,47.8
Super-Scaffold_288,3071705,5,46.1
Super-Scaffold_288,3167060,5,48.3
Super-Scaffold_288,770892,5,44.2
Super-Scaffold_29,1882147,5,38.9
Super-Scaffold_29,2266099,5,42.7
Super-Scaffold_29,2414574,5,40.3
Super-Scaffold_29,2530753,5,40.7
Super-Scaffold_29,2697717,5,40.1
Super-Scaffold_29,3665597,5,41.3
Super-Scaffold_29,4153234,5,41.7
Super-Scaffold_3,10017503,3,119.4
Super-Scaffold_3,10094014,3,120.0
Super-Scaffold_3,10206855,3,121.1
Super-Scaffold_3,10290989,3,118.1
Super-Scaffold_3,10326159,3,118.4
Super-Scaffold_3,10497509,3,109.1
Super-Scaffold_3,10533376,3,121.9
Super-Scaffold_3,10647309,3,113.6
Super-Scaffold_3,10745107,3,121.5
Super-Scaffold_3,11302417,3,122.4
Super-Scaffold_3,1130566,3,150.5
Super-Scaffold_3,11436714,3,117.9
Super-Scaffold_3,11447897,3,117.3
Super-Scaffold_3,11538342,3,123.5
Super-Scaffold_3,11687933,3,101.9
Super-Scaffold_3,11759560,3,115.5
Super-Scaffold_3,11855681,3,116.5
Super-Scaffold_3,12021591,3,102.9
Super-Scaffold_3,12038060,3,103.1
Super-Scaffold_3,12203457,3,101.1
Super-Scaffold_3,12330489,3,104.9
Super-Scaffold_3,12351737,3,101.9
Super-Scaffold_3,12478264,3,100.6
Super-Scaffold_3,1255523,3,145.5
Super-Scaffold_3,12555403,3,102.3
Super-Scaffold_3,12694139,3,102.7
Super-Scaffold_3,13168134,3,103.9
Super-Scaffold_3,13308306,3,99.5
Super-Scaffold_3,1337209,3,146.5
Super-Scaffold_3,13405221,3,103.5
Super-Scaffold_3,13529302,3,97.6
Super-Scaffold_3,13615984,3,94.1
Super-Scaffold_3,13686956,3,93.9
Super-Scaffold_3,14098064,3,94.4
Super-Scaffold_3,14160395,3,94.2
Super-Scaffold_3,14265377,3,97.3
Super-Scaffold_3,14511690,3,98.2
Super-Scaffold_3,14614492,3,97.8
Super-Scaffold_3,14653131,3,96.4
Super-Scaffold_3,14838002,3,95.1
Super-Scaffold_3,14879341,3,98.6
Super-Scaffold_3,14995136,3,97.6
Super-Scaffold_3,15106375,3,94.0
Super-Scaffold_3,15284738,3,95.6
Super-Scaffold_3,15575658,3,86.9
Super-Scaffold_3,15941966,3,95.8
Super-Scaffold_3,16277344,3,85.9
Super-Scaffold_3,16325991,3,87.5
Super-Scaffold_3,16414401,3,86.3
Super-Scaffold_3,16752955,3,96.8
Super-Scaffold_3,16797427,3,93.3
Super-Scaffold_3,1686840,3,138.2
Super-Scaffold_3,16963227,3,92.1
Super-Scaffold_3,16978725,3,93.5
Super-Scaffold_3,17084611,3,88.1
Super-Scaffold_3,17325298,3,92.6
Super-Scaffold_3,17485572,3,89.3
Super-Scaffold_3,17588146,3,91.5
Super-Scaffold_3,1765715,3,137.7
Super-Scaffold_3,17817235,3,93.0
Super-Scaffold_3,17854591,3,88.9
Super-Scaffold_3,18125740,3,82.8
Super-Scaffold_3,18227294,3,90.1
Super-Scaffold_3,18353823,3,90.6
Super-Scaffold_3,18444345,3,89.6
Super-Scaffold_3,18522491,3,83.2
Super-Scaffold_3,18563980,3,82.2
Super-Scaffold_3,18735418,3,82.0
Super-Scaffold_3,18828906,3,81.1
Super-Scaffold_3,18927973,3,80.5
Super-Scaffold_3,19089556,3,84.0
Super-Scaffold_3,19168667,3,84.9
Super-Scaffold_3,19261822,3,79.2
Super-Scaffold_3,19413958,3,79.6
Super-Scaffold_3,19427626,3,80.0
Super-Scaffold_3,1951227,3,136.4
Super-Scaffold_3,19579351,3,77.5
Super-Scaffold_3,19707685,3,78.6
Super-Scaffold_3,19811732,3,78.0
Super-Scaffold_3,19869929,3,78.6
Super-Scaffold_3,20036829,3,76.3
Super-Scaffold_3,20101975,3,75.2
Super-Scaffold_3,2013127,3,136.8
Super-Scaffold_3,20231821,3,76.4
Super-Scaffold_3,20289863,3,75.9
Super-Scaffold_3,20390536,3,76.9
Super-Scaffold_3,20535036,3,76.6
Super-Scaffold_3,20614017,3,77.1
Super-Scaffold_3,2064710,3,137.4
Super-Scaffold_3,20718106,3,74.5
Super-Scaffold_3,20773468,3,74.1
Super-Scaffold_3,20884072,3,71.4
Super-Scaffold_3,21013356,3,70.8
Super-Scaffold_3,21110207,3,73.1
Super-Scaffold_3,21164864,3,72.2
Super-Scaffold_3,21286790,3,70.1
Super-Scaffold_3,21394752,3,69.0
Super-Scaffold_3,21475437,3,67.9
Super-Scaffold_3,21642172,3,66.2
Super-Scaffold_3,2178934,3,135.8
Super-Scaffold_3,21961425,3,64.9
Super-Scaffold_3,22092158,3,63.6
Super-Scaffold_3,22141265,3,63.1
Super-Scaffold_3,22246977,3,60.8
Super-Scaffold_3,22397266,3,58.6
Super-Scaffold_3,22446523,3,57.8
Super-Scaffold_3,22536623,3,57.1
Super-Scaffold_3,22636350,3,55.3
Super-Scaffold_3,22731799,3,55.7
Super-Scaffold_3,22880110,3,53.1
Super-Scaffold_3,22906895,3,54.0
Super-Scaffold_3,23016696,3,52.3
Super-Scaffold_3,23188783,3,49.9
Super-Scaffold_3,23276399,3,47.1
Super-Scaffold_3,23351190,3,49.1
Super-Scaffold_3,23618188,3,50.9
Super-Scaffold_3,23755566,3,48.0
Super-Scaffold_3,23823643,3,46.4
Super-Scaffold_3,23984950,3,46.2
Super-Scaffold_3,23988845,3,45.0
Super-Scaffold_3,24160306,3,49.6
Super-Scaffold_3,24238800,3,51.8
Super-Scaffold_3,24425602,3,41.5
Super-Scaffold_3,24480046,3,43.4
Super-Scaffold_3,24579891,3,41.9
Super-Scaffold_3,24603315,3,42.5
Super-Scaffold_3,24776815,3,39.8
Super-Scaffold_3,24862454,3,35.5
Super-Scaffold_3,2497973,3,135.1
Super-Scaffold_3,24980422,3,34.7
Super-Scaffold_3,25011447,3,38.4
Super-Scaffold_3,25209344,3,36.9
Super-Scaffold_3,25399710,3,31.3
Super-Scaffold_3,25505370,3,32.0
Super-Scaffold_3,25560142,3,30.7
Super-Scaffold_3,25702509,3,28.9
Super-Scaffold_3,25735883,3,27.6
Super-Scaffold_3,25976171,3,26.2
Super-Scaffold_3,26009242,3,24.8
Super-Scaffold_3,26225499,3,25.5
Super-Scaffold_3,26329406,3,23.7
Super-Scaffold_3,26442319,3,22.8
Super-Scaffold_3,26510491,3,19.9
Super-Scaffold_3,26573620,3,18.9
Super-Scaffold_3,26656497,3,20.6
Super-Scaffold_3,26816061,3,19.4
Super-Scaffold_3,26933300,3,18.0
Super-Scaffold_3,27061874,3,16.3
Super-Scaffold_3,27167692,3,15.0
Super-Scaffold_3,27224624,3,12.3
Super-Scaffold_3,27353303,3,14.2
Super-Scaffold_3,27458714,3,9.7
Super-Scaffold_3,27548191,3,13.4
Super-Scaffold_3,27563816,3,10.3
Super-Scaffold_3,27686462,3,7.4
Super-Scaffold_3,27775783,3,8.7
Super-Scaffold_3,27866532,3,4.9
Super-Scaffold_3,27964589,3,5.6
Super-Scaffold_3,28067888,3,0.0
Super-Scaffold_3,28192236,3,3.9
Super-Scaffold_3,28328289,3,1.5
Super-Scaffold_3,28416505,3,2.9
Super-Scaffold_3,2849987,3,135.2
Super-Scaffold_3,28548336,3,0.8
Super-Scaffold_3,28615994,3,2.5
Super-Scaffold_3,3001409,3,134.7
Super-Scaffold_3,3532959,3,137.0
Super-Scaffold_3,3918219,3,133.3
Super-Scaffold_3,4049542,3,130.5
Super-Scaffold_3,4167417,3,133.5
Super-Scaffold_3,424061,3,149.7
Super-Scaffold_3,4438135,3,129.0
Super-Scaffold_3,4527020,3,132.4
Super-Scaffold_3,5082798,3,131.1
Super-Scaffold_3,5139086,3,133.5
Super-Scaffold_3,5400760,3,129.9
Super-Scaffold_3,5449020,3,128.5
Super-Scaffold_3,6030154,3,132.9
Super-Scaffold_3,6081450,3,132.1
Super-Scaffold_3,6173979,3,126.3
Super-Scaffold_3,617991,3,148.2
Super-Scaffold_3,6353312,3,125.1
Super-Scaffold_3,644113,3,141.4
Super-Scaffold_3,6514045,3,106.6
Super-Scaffold_3,6667334,3,124.8
Super-Scaffold_3,6678799,3,107.6
Super-Scaffold_3,6907722,3,106.6
Super-Scaffold_3,7098596,3,106.6
Super-Scaffold_3,7113895,3,127.7
Super-Scaffold_3,7560035,3,124.2
Super-Scaffold_3,7730658,3,106.1
Super-Scaffold_3,8010130,3,111.1
Super-Scaffold_3,8012394,3,110.8
Super-Scaffold_3,8144257,3,106.5
Super-Scaffold_3,8356128,3,107.0
Super-Scaffold_3,8436261,3,126.5
Super-Scaffold_3,8549726,3,127.2
Super-Scaffold_3,8639702,3,126.3
Super-Scaffold_3,8780546,3,126.9
Super-Scaffold_3,8837275,3,131.5
Super-Scaffold_3,8926525,3,126.1
Super-Scaffold_3,9077016,3,124.0
Super-Scaffold_3,9321768,3,126.5
Super-Scaffold_3,941785,3,151.3
Super-Scaffold_3,9527399,3,125.4
Super-Scaffold_3,9627459,3,111.8
Super-Scaffold_3,9759463,3,118.9
Super-Scaffold_3,9848849,3,119.0
Super-Scaffold_30,11114340,3,152.0
Super-Scaffold_30,11186821,3,144.2
Super-Scaffold_30,11390737,3,152.6
Super-Scaffold_30,11527955,3,153.4
Super-Scaffold_30,11590764,3,144.7
Super-Scaffold_30,11710048,3,153.9
Super-Scaffold_30,11780354,3,155.3
Super-Scaffold_30,12186444,3,154.5
Super-Scaffold_30,12492725,3,139.5
Super-Scaffold_30,14085632,3,165.9
Super-Scaffold_30,14588937,3,168.5
Super-Scaffold_30,3684315,3,127.6
Super-Scaffold_30,9092900,3,143.1
Super-Scaffold_303,1123760,4,102.4
Super-Scaffold_303,113659,4,111.6
Super-Scaffold_303,1229345,4,102.1
Super-Scaffold_303,1291815,4,102.9
Super-Scaffold_303,259225,4,111.1
Super-Scaffold_303,2634494,4,100.3
Super-Scaffold_303,2669339,4,99.2
Super-Scaffold_303,2816939,4,97.5
Super-Scaffold_303,344832,4,110.5
Super-Scaffold_303,373962,4,110.5
Super-Scaffold_303,485234,4,109.4
Super-Scaffold_303,506687,4,108.7
Super-Scaffold_303,603510,4,107.8
Super-Scaffold_303,734514,4,106.9
Super-Scaffold_303,80893,4,111.2
Super-Scaffold_303,905760,4,106.2
Super-Scaffold_303,947676,4,104.8
Super-Scaffold_304,1068281,2,81.2
Super-Scaffold_304,1137314,2,79.8
Super-Scaffold_304,1267935,2,80.6
Super-Scaffold_304,1337170,2,81.7
Super-Scaffold_304,138968,2,78.7
Super-Scaffold_304,1418939,2,82.0
Super-Scaffold_304,14595,2,78.9
Super-Scaffold_304,1512736,2,82.9
Super-Scaffold_304,1667475,2,83.3
Super-Scaffold_304,1755656,2,84.1
Super-Scaffold_304,1824570,2,84.7
Super-Scaffold_304,1970723,2,85.3
Super-Scaffold_304,300885,2,78.0
Super-Scaffold_304,328232,2,79.4
Super-Scaffold_304,482333,2,78.1
Super-Scaffold_304,518924,2,76.7
Super-Scaffold_304,641848,2,77.8
Super-Scaffold_304,718236,2,77.9
Super-Scaffold_304,857357,2,78.2
Super-Scaffold_304,943736,2,77.4
Super-Scaffold_31,1086124,4,86.6
Super-Scaffold_31,1178979,4,85.9
Super-Scaffold_31,1329112,4,85.2
Super-Scaffold_31,1405970,4,84.8
Super-Scaffold_31,154850,4,94.7
Super-Scaffold_31,1640024,4,84.5
Super-Scaffold_31,1669185,4,84.1
Super-Scaffold_31,1815105,4,83.0
Super-Scaffold_31,1870109,4,82.3
Super-Scaffold_31,2003656,4,81.8
Super-Scaffold_31,2074716,4,81.0
Super-Scaffold_31,2384399,4,79.9
Super-Scaffold_31,2454317,4,79.2
Super-Scaffold_31,2501433,4,78.6
Super-Scaffold_31,2786483,4,77.5
Super-Scaffold_31,2940186,4,76.8
Super-Scaffold_31,2944898,4,76.1
Super-Scaffold_31,303526,4,92.9
Super-Scaffold_31,3211072,4,74.7
Super-Scaffold_31,3282323,4,74.1
Super-Scaffold_31,3409758,4,73.9
Super-Scaffold_31,3561661,4,72.1
Super-Scaffold_31,3581376,4,73.2
Super-Scaffold_31,3938395,4,71.1
Super-Scaffold_31,398941,4,90.3
Super-Scaffold_31,4020961,4,70.1
Super-Scaffold_31,4110594,4,69.6
Super-Scaffold_31,4420202,4,69.6
Super-Scaffold_31,4600559,4,66.1
Super-Scaffold_31,4621481,4,65.2
Super-Scaffold_31,4733270,4,65.8
Super-Scaffold_31,4877963,4,67.1
Super-Scaffold_31,5165381,4,63.8
Super-Scaffold_31,531065,4,91.2
Super-Scaffold_31,5417187,4,63.2
Super-Scaffold_31,550298,4,89.4
Super-Scaffold_31,5530212,4,62.4
Super-Scaffold_31,5768606,4,61.4
Super-Scaffold_31,733169,4,88.9
Super-Scaffold_31,76241,4,95.6
Super-Scaffold_31,792905,4,87.4
Super-Scaffold_31,901643,4,88.2
Super-Scaffold_31,963353,4,87.8
Super-Scaffold_32,1052601,2,75.0
Super-Scaffold_32,1418956,2,72.4
Super-Scaffold_32,1446096,2,72.8
Super-Scaffold_32,1577312,2,72.2
Super-Scaffold_32,26714,2,77.6
Super-Scaffold_32,522040,2,76.8
Super-Scaffold_32,670504,2,77.1
Super-Scaffold_32,790937,2,76.0
Super-Scaffold_32,863182,2,75.4
Super-Scaffold_32,921356,2,76.2
Super-Scaffold_33,10509971,2,63.4
Super-Scaffold_33,10770653,2,61.3
Super-Scaffold_33,11797542,2,59.5
Super-Scaffold_33,12421497,2,55.5
Super-Scaffold_33,12531928,2,50.1
Super-Scaffold_33,12633481,2,46.7
Super-Scaffold_33,12821674,2,51.0
Super-Scaffold_33,1588368,2,69.2
Super-Scaffold_33,162873,2,66.2
Super-Scaffold_33,1690313,2,69.1
Super-Scaffold_33,1754824,2,68.0
Super-Scaffold_33,181312,2,67.5
Super-Scaffold_33,1852743,2,68.2
Super-Scaffold_33,1942354,2,69.0
Super-Scaffold_33,2070783,2,65.3
Super-Scaffold_33,2109613,2,67.9
Super-Scaffold_33,352249,2,70.2
Super-Scaffold_33,442634,2,68.9
Super-Scaffold_33,481603,2,68.5
Super-Scaffold_33,624540,2,69.5
Super-Scaffold_33,706922,2,69.3
Super-Scaffold_33,9449,2,67.7
Super-Scaffold_38,30085,5,26.7
Super-Scaffold_38,525998,5,28.0
Super-Scaffold_38,623515,5,24.0
Super-Scaffold_38,650025,5,22.1
Super-Scaffold_38,777814,5,22.9
Super-Scaffold_4,1115045,2,143.6
Super-Scaffold_4,1204372,2,143.0
Super-Scaffold_4,1289997,2,142.5
Super-Scaffold_4,1332019,2,141.9
Super-Scaffold_4,1483125,2,138.3
Super-Scaffold_4,1614285,2,138.8
Super-Scaffold_4,1669760,2,139.4
Super-Scaffold_4,170653,2,151.1
Super-Scaffold_4,1733976,2,139.6
Super-Scaffold_4,1911501,2,135.9
Super-Scaffold_4,1978616,2,134.1
Super-Scaffold_4,2023480,2,134.4
Super-Scaffold_4,2114986,2,135.0
Super-Scaffold_4,2259325,2,132.1
Super-Scaffold_4,2391060,2,131.1
Super-Scaffold_4,2450415,2,130.9
Super-Scaffold_4,253188,2,152.0
Super-Scaffold_4,2547760,2,131.6
Super-Scaffold_4,2682209,2,130.3
Super-Scaffold_4,2784181,2,129.3
Super-Scaffold_4,2862784,2,126.7
Super-Scaffold_4,3001050,2,128.1
Super-Scaffold_4,3118745,2,127.5
Super-Scaffold_4,3129760,2,128.8
Super-Scaffold_4,417402,2,150.6
Super-Scaffold_4,449438,2,148.5
Super-Scaffold_4,516827,2,148.9
Super-Scaffold_4,666790,2,147.5
Super-Scaffold_4,797437,2,146.6
Super-Scaffold_4,84628,2,150.2
Super-Scaffold_4,883720,2,145.2
Super-Scaffold_4,927482,2,144.4
Super-Scaffold_40,106321,5,30.7
Super-Scaffold_40,452440,5,31.2
Super-Scaffold_40,684236,5,35.2
Super-Scaffold_40,742007,5,33.2
Super-Scaffold_40,941817,5,33.5
Super-Scaffold_42,1101621,3,170.7
Super-Scaffold_42,1313910,3,172.0
Super-Scaffold_42,1360585,3,171.4
Super-Scaffold_42,1482751,3,170.5
Super-Scaffold_42,1633501,3,172.6
Super-Scaffold_42,1723776,3,158.7
Super-Scaffold_42,174555,3,177.3
Super-Scaffold_42,1798718,3,159.3
Super-Scaffold_42,220047,3,178.3
Super-Scaffold_42,2257549,3,158.7
Super-Scaffold_42,428095,3,177.9
Super-Scaffold_42,505238,3,175.5
Super-Scaffold_42,645020,3,179.3
Super-Scaffold_42,787333,3,169.9
Super-Scaffold_42,966289,3,173.7
Super-Scaffold_42,97120,3,180.0
Super-Scaffold_43,228645,4,68.9
Super-Scaffold_47,14192,3,166.5
Super-Scaffold_50,217397,6,7.5
Super-Scaffold_50,57623,6,9.8
Super-Scaffold_50,704270,6,9.3
Super-Scaffold_55,1008117,3,203.6
Super-Scaffold_55,1090665,3,204.2
Super-Scaffold_55,1169196,3,204.9
Super-Scaffold_55,1352068,3,202.8
Super-Scaffold_55,1549596,3,202.0
Super-Scaffold_55,1609763,3,201.4
Super-Scaffold_55,270221,3,206.8
Super-Scaffold_557,1099419,8,143.0
Super-Scaffold_557,116469,8,119.7
Super-Scaffold_557,1233221,8,145.8
Super-Scaffold_557,241832,8,121.9
Super-Scaffold_557,309420,8,124.1
Super-Scaffold_557,397334,8,126.3
Super-Scaffold_557,496142,8,129.8
Super-Scaffold_557,689409,8,132.2
Super-Scaffold_557,723865,8,131.6
Super-Scaffold_557,86383,8,118.7
Super-Scaffold_557,865059,8,135.7
Super-Scaffold_557,906544,8,138.3
Super-Scaffold_564,159028,4,2.5
Super-Scaffold_564,240656,4,1.3
Super-Scaffold_564,330218,4,3.2
Super-Scaffold_564,430190,4,0.0
Super-Scaffold_58,2428472,7,97.4
Super-Scaffold_58,2620634,7,95.5
Super-Scaffold_58,2831669,7,94.4
Super-Scaffold_58,2926654,7,94.0
Super-Scaffold_58,3009464,7,93.5
Super-Scaffold_58,3198266,7,92.1
Super-Scaffold_58,3560229,7,86.7
Super-Scaffold_58,3672894,7,88.1
Super-Scaffold_58,3831009,7,87.2
Super-Scaffold_58,3977351,7,86.4
Super-Scaffold_58,4366062,7,85.1
Super-Scaffold_58,4459693,7,82.2
Super-Scaffold_58,4532964,7,80.0
Super-Scaffold_58,4683086,7,78.2
Super-Scaffold_58,4892851,7,76.7
Super-Scaffold_58,4979700,7,77.4
Super-Scaffold_58,5104643,7,76.1
Super-Scaffold_58,5106848,7,74.8
Super-Scaffold_58,5215522,7,74.2
Super-Scaffold_58,5323934,7,71.9
Super-Scaffold_58,5452623,7,72.6
Super-Scaffold_58,5463262,7,71.4
Super-Scaffold_58,5644404,7,69.3
Super-Scaffold_58,5684835,7,68.7
Super-Scaffold_58,5826674,7,69.8
Super-Scaffold_58,5943324,7,67.3
Super-Scaffold_58,6024206,7,66.2
Super-Scaffold_58,6152724,7,63.3
Super-Scaffold_58,6341934,7,59.6
Super-Scaffold_58,6371547,7,61.0
Super-Scaffold_58,6481861,7,53.0
Super-Scaffold_587,340435,4,62.0
Super-Scaffold_59,1973159,5,30.9
Super-Scaffold_59,2130242,5,31.5
Super-Scaffold_59,2172596,5,31.9
Super-Scaffold_59,3068699,5,29.7
Super-Scaffold_59,3092383,5,31.4
Super-Scaffold_59,3222487,5,31.6
Super-Scaffold_59,3271929,5,28.5
Super-Scaffold_59,3444325,5,29.0
Super-Scaffold_59,3597581,5,26.0
Super-Scaffold_59,4117446,5,27.4
Super-Scaffold_59,4583110,5,27.6
Super-Scaffold_59,5431440,5,21.1
Super-Scaffold_59,5870714,5,19.5
Super-Scaffold_59,5897306,5,18.4
Super-Scaffold_59,6070318,5,17.6
Super-Scaffold_59,6091802,5,17.3
Super-Scaffold_59,6278912,5,16.7
Super-Scaffold_59,6382603,5,12.9
Super-Scaffold_6,191731,9,68.9
Super-Scaffold_6,501078,9,69.3
Super-Scaffold_6,7002308,9,72.2
Super-Scaffold_6,7176653,9,72.3
Super-Scaffold_6,7360748,9,71.1
Super-Scaffold_6,7937468,9,72.9
Super-Scaffold_6,7990643,9,73.9
Super-Scaffold_6,816810,9,69.5
Super-Scaffold_6,8909570,9,71.3
Super-Scaffold_6,913828,9,68.1
Super-Scaffold_6,9500338,9,71.9
Super-Scaffold_60,154597,5,10.6
Super-Scaffold_60,16105,5,11.3
Super-Scaffold_60,425641,5,6.7
Super-Scaffold_60,492958,5,5.4
Super-Scaffold_60,764809,5,0.0
Super-Scaffold_60,942439,5,1.3
Super-Scaffold_61,2354114,9,65.4
Super-Scaffold_61,2393468,9,66.0
Super-Scaffold_61,3078915,9,64.8
Super-Scaffold_61,3100335,9,64.4
Super-Scaffold_61,325983,9,68.6
Super-Scaffold_61,482804,9,67.2
Super-Scaffold_61,541144,9,70.0
Super-Scaffold_65,1378497,5,66.8
Super-Scaffold_65,1506799,5,65.4
Super-Scaffold_65,2646019,5,57.4
Super-Scaffold_65,2944665,3,192.2
Super-Scaffold_65,382091,5,70.1
Super-Scaffold_68,286075,2,74.5
Super-Scaffold_7,1116772,1,14.3
Super-Scaffold_7,11554800,1,70.3
Super-Scaffold_7,12428855,1,73.4
Super-Scaffold_7,12536580,1,71.9
Super-Scaffold_7,12754511,1,69.4
Super-Scaffold_7,14731628,1,72.7
Super-Scaffold_7,15257208,1,73.4
Super-Scaffold_7,15392166,1,73.6
Super-Scaffold_7,15457747,1,72.8
Super-Scaffold_7,1614419,1,22.2
Super-Scaffold_7,16395665,1,74.6
Super-Scaffold_7,16994404,1,72.3
Super-Scaffold_7,17510754,1,76.0
Super-Scaffold_7,17878732,1,76.8
Super-Scaffold_7,18043381,1,78.0
Super-Scaffold_7,18086385,1,78.8
Super-Scaffold_7,18226412,1,78.9
Super-Scaffold_7,18505450,1,80.1
Super-Scaffold_7,18601942,1,80.4
Super-Scaffold_7,18768280,1,79.5
Super-Scaffold_7,1899428,1,27.4
Super-Scaffold_7,19110990,1,84.4
Super-Scaffold_7,19181385,1,85.3
Super-Scaffold_7,19340449,1,84.2
Super-Scaffold_7,19409250,1,84.8
Super-Scaffold_7,19450949,1,85.0
Super-Scaffold_7,20281823,1,86.2
Super-Scaffold_7,20384734,1,86.7
Super-Scaffold_7,20423122,1,86.1
Super-Scaffold_7,2064137,1,30.3
Super-Scaffold_7,21021583,1,88.2
Super-Scaffold_7,21394349,1,90.0
Super-Scaffold_7,21481817,1,89.9
Super-Scaffold_7,2151928,1,31.5
Super-Scaffold_7,21807353,1,91.6
Super-Scaffold_7,21954419,1,90.6
Super-Scaffold_7,22002764,1,89.6
Super-Scaffold_7,22319263,1,90.2
Super-Scaffold_7,22448667,1,89.5
Super-Scaffold_7,22783715,1,91.2
Super-Scaffold_7,23105853,1,92.6
Super-Scaffold_7,23235334,1,93.3
Super-Scaffold_7,23336262,1,94.4
Super-Scaffold_7,23473401,1,95.1
Super-Scaffold_7,23524595,1,96.3
Super-Scaffold_7,2364362,1,29.4
Super-Scaffold_7,24103769,1,102.7
Super-Scaffold_7,25270802,1,113.9
Super-Scaffold_7,25362952,1,115.5
Super-Scaffold_7,25539872,1,118.2
Super-Scaffold_7,25729918,1,120.1
Super-Scaffold_7,25846968,1,121.8
Super-Scaffold_7,25895219,1,121.2
Super-Scaffold_7,26550117,1,130.1
Super-Scaffold_7,26631129,1,132.2
Super-Scaffold_7,26747848,1,130.9
Super-Scaffold_7,26868178,1,131.3
Super-Scaffold_7,27400610,1,137.4
Super-Scaffold_7,27530476,1,136.2
Super-Scaffold_7,27701408,1,141.5
Super-Scaffold_7,27806126,1,144.5
Super-Scaffold_7,27913219,1,146.7
Super-Scaffold_7,27980016,1,149.1
Super-Scaffold_7,28043834,1,151.5
Super-Scaffold_7,28298094,1,160.3
Super-Scaffold_7,28516518,1,154.7
Super-Scaffold_7,28595878,1,156.1
Super-Scaffold_7,28666819,1,158.1
Super-Scaffold_7,3138020,1,36.9
Super-Scaffold_7,3832524,1,42.9
Super-Scaffold_7,4697923,1,50.8
Super-Scaffold_7,5779602,1,60.0
Super-Scaffold_7,5876957,1,62.3
Super-Scaffold_7,618416,1,10.0
Super-Scaffold_7,7045959,1,66.2
Super-Scaffold_7,7113438,1,67.0
Super-Scaffold_7,7207804,1,68.2
Super-Scaffold_7,8247489,1,73.7
Super-Scaffold_7,8624674,1,74.0
Super-Scaffold_7,8941993,1,72.9
Super-Scaffold_7,908851,1,16.0
Super-Scaffold_7,9403573,1,71.1
Super-Scaffold_7,9787208,1,73.7
Super-Scaffold_71,191772,5,2.5
Super-Scaffold_71,299357,5,4.1
Super-Scaffold_72,4194763,5,78.7
Super-Scaffold_72,4515792,5,81.0
Super-Scaffold_72,4598626,5,83.1
Super-Scaffold_72,6196499,5,90.8
Super-Scaffold_72,6261566,5,92.1
Super-Scaffold_72,6394319,5,97.1
Super-Scaffold_72,6441102,5,97.2
Super-Scaffold_72,6578117,5,96.2
Super-Scaffold_72,6699917,5,97.8
Super-Scaffold_76,1168224,4,47.9
Super-Scaffold_76,1239466,4,43.4
Super-Scaffold_76,133460,4,47.3
Super-Scaffold_76,1538133,4,43.2
Super-Scaffold_76,1624391,4,35.3
Super-Scaffold_76,1877087,4,42.6
Super-Scaffold_76,1941926,4,34.4
Super-Scaffold_76,198813,4,46.9
Super-Scaffold_76,2083357,4,32.9
Super-Scaffold_76,2176643,4,40.8
Super-Scaffold_76,2261529,4,41.6
Super-Scaffold_76,2410082,4,36.6
Super-Scaffold_76,2467337,4,33.5
Super-Scaffold_76,2520916,4,39.7
Super-Scaffold_76,2646282,4,32.6
Super-Scaffold_76,2817496,4,33.1
Super-Scaffold_76,2827935,4,38.0
Super-Scaffold_76,2930825,4,27.3
Super-Scaffold_76,3451012,4,31.8
Super-Scaffold_76,3510912,4,28.0
Super-Scaffold_76,51644,4,47.3
Super-Scaffold_76,526538,4,45.5
Super-Scaffold_77,115682,5,35.8
Super-Scaffold_77,206931,5,37.5
Super-Scaffold_8,1019577,5,144.8
Super-Scaffold_8,1105224,5,140.3
Super-Scaffold_8,1210000,5,140.7
Super-Scaffold_8,1309294,5,141.0
Super-Scaffold_8,1399974,5,141.2
Super-Scaffold_8,1505440,5,140.0
Super-Scaffold_8,1606067,5,142.9
Super-Scaffold_8,1691768,5,139.2
Super-Scaffold_8,1816013,5,137.1
Super-Scaffold_8,1839873,5,136.4
Super-Scaffold_8,1969027,5,137.5
Super-Scaffold_8,2073873,5,137.9
Super-Scaffold_8,2153108,5,135.8
Super-Scaffold_8,2277984,5,134.3
Super-Scaffold_8,2410969,5,133.0
Super-Scaffold_8,2482332,5,133.3
Super-Scaffold_8,2621374,5,132.4
Super-Scaffold_8,2649833,5,131.5
Super-Scaffold_8,2786692,5,130.4
Super-Scaffold_8,2924882,5,129.6
Super-Scaffold_8,2972848,5,128.6
Super-Scaffold_8,3105020,5,127.8
Super-Scaffold_8,3176789,5,126.4
Super-Scaffold_8,3240765,5,127.3
Super-Scaffold_8,3386806,5,125.4
Super-Scaffold_8,3506977,5,125.0
Super-Scaffold_8,3588089,5,125.6
Super-Scaffold_8,3666893,5,124.1
Super-Scaffold_8,3740115,5,123.3
Super-Scaffold_8,3856109,5,121.9
Super-Scaffold_8,4039163,5,121.9
Super-Scaffold_8,4059392,5,122.5
Super-Scaffold_8,4194813,5,120.2
Super-Scaffold_8,4272600,5,120.5
Super-Scaffold_8,4429848,5,121.0
Super-Scaffold_8,4476715,5,119.6
Super-Scaffold_8,4597637,5,118.5
Super-Scaffold_8,4686209,5,117.6
Super-Scaffold_8,4796969,5,116.3
Super-Scaffold_8,4910715,5,115.2
Super-Scaffold_8,5001621,5,114.1
Super-Scaffold_8,5125227,5,113.7
Super-Scaffold_8,5186023,5,114.5
Super-Scaffold_8,5319858,5,111.7
Super-Scaffold_8,5417792,5,112.2
Super-Scaffold_8,5548187,5,112.3
Super-Scaffold_8,5617377,5,112.1
Super-Scaffold_8,5730964,5,112.9
Super-Scaffold_8,5809955,5,111.1
Super-Scaffold_8,5929640,5,109.2
Super-Scaffold_8,5993710,5,109.7
Super-Scaffold_8,6151199,5,107.6
Super-Scaffold_8,6242523,5,108.1
Super-Scaffold_8,6282989,5,106.5
Super-Scaffold_8,6454989,5,105.7
Super-Scaffold_8,6543412,5,104.7
Super-Scaffold_8,6625554,5,105.1
Super-Scaffold_8,6702648,5,103.2
Super-Scaffold_8,6857733,5,103.8
Super-Scaffold_8,6962262,5,104.0
Super-Scaffold_8,7042562,5,104.4
Super-Scaffold_8,7175837,5,102.7
Super-Scaffold_8,718525,5,153.0
Super-Scaffold_8,7215549,5,102.2
Super-Scaffold_8,7374854,5,101.4
Super-Scaffold_8,742778,5,151.1
Super-Scaffold_8,7455562,5,94.9
Super-Scaffold_8,7566887,5,99.7
Super-Scaffold_8,7630234,5,100.7
Super-Scaffold_8,7785992,5,100.2
Super-Scaffold_8,7890435,5,98.8
Super-Scaffold_8,7979658,5,98.4
Super-Scaffold_8,904576,5,149.1
Super-Scaffold_822,1455740,9,91.6
Super-Scaffold_822,149459,9,84.8
Super-Scaffold_822,419169,9,84.3
Super-Scaffold_822,614915,9,83.9
Super-Scaffold_822,679404,9,86.3
Super-Scaffold_822,88295,9,83.6
Super-Scaffold_822,891203,9,87.8
Super-Scaffold_836,202489,4,8.7
Super-Scaffold_836,327167,4,4.7
Super-Scaffold_836,421320,4,4.3
Super-Scaffold_836,467306,4,7.4
Super-Scaffold_836,545340,4,4.7
Super-Scaffold_836,678946,4,3.8
Super-Scaffold_836,750287,4,3.5
Super-Scaffold_836,76441,4,9.4
Super-Scaffold_863,376116,3,165.0
Super-Scaffold_863,524898,3,167.4
Super-Scaffold_865,1132496,3,160.7
Super-Scaffold_865,1226958,3,162.9
Super-Scaffold_865,1578391,3,157.5
Super-Scaffold_865,1679074,3,158.3
Super-Scaffold_865,1719287,3,157.9
Super-Scaffold_865,247487,3,156.1
Super-Scaffold_865,935204,3,156.6
Super-Scaffold_865,972311,3,156.3
Super-Scaffold_881,503121,5,72.0
Super-Scaffold_881,704964,5,75.5
Super-Scaffold_881,778710,5,76.6
Super-Scaffold_9,1017310,3,260.9
Super-Scaffold_9,1043218,3,260.3
Super-Scaffold_9,1157943,3,259.3
Super-Scaffold_9,1261468,3,257.9
Super-Scaffold_9,1382874,3,256.5
Super-Scaffold_9,1526869,3,255.1
Super-Scaffold_9,1601115,3,253.4
Super-Scaffold_9,1711317,3,252.1
Super-Scaffold_9,1766576,3,251.1
Super-Scaffold_9,1916859,3,249.5
Super-Scaffold_9,2030480,3,247.8
Super-Scaffold_9,2136299,3,246.2
Super-Scaffold_9,2226597,3,245.1
Super-Scaffold_9,2316343,3,243.3
Super-Scaffold_9,2411996,3,240.8
Super-Scaffold_9,2446309,3,242.1
Super-Scaffold_9,2569844,3,239.0
Super-Scaffold_9,351962,3,264.2
Super-Scaffold_9,596148,3,262.7
Super-Scaffold_9,8417564,3,233.3
Super-Scaffold_9,8467054,3,232.8
Super-Scaffold_9,8544796,3,231.7
Super-Scaffold_9,8715116,3,232.2
Super-Scaffold_9,8802014,3,229.8
Super-Scaffold_9,9008133,3,226.2
Super-Scaffold_9,9107362,3,227.5
Super-Scaffold_9,9231549,3,224.5
Super-Scaffold_9,9319016,3,222.6
Super-Scaffold_9,9419465,3,220.3
Super-Scaffold_9,9544772,3,215.7
Super-Scaffold_9,9599292,3,219.0
Super-Scaffold_9,9713343,3,217.6
Super-Scaffold_95,1117128,2,69.9
Super-Scaffold_95,1266719,2,69.8
Super-Scaffold_95,1398532,2,70.1
Super-Scaffold_95,1506855,2,70.7
Super-Scaffold_95,1666726,2,70.3
Super-Scaffold_95,1763478,2,67.4
Super-Scaffold_95,1855092,2,67.2
Super-Scaffold_95,1960072,2,69.4
Super-Scaffold_95,591194,2,71.2
Super-Scaffold_95,662578,2,71.0
Super-Scaffold_95,715727,2,66.8
Super-Scaffold_95,804200,2,70.0
Super-Scaffold_95,886076,2,68.6
scaffold100_obj,173355,5,33.9
scaffold100_obj,62343,5,34.8
scaffold114_obj,83810,1,89.7
scaffold133_obj,51248,4,21.6
scaffold16_subseq_1_121703_obj,30872,5,52.2
scaffold218_obj,22015,4,22.8
scaffold34_subseq_491365_596142_obj,28523,6,8.7
scaffold80_obj,103481,5,45.4
scaffold91_obj,29561,6,1.1
scaffold92_obj,212515,5,33.7
scaffold92_obj,94888,5,32.8
